ProductId,ProductSeries
342,Enterprise Business Solution
962,Other
1011,IT Development/Infrastructure
1273,Servers
1324,Verticals
1367,Collaborate Design & Publish
1436,Retail & Digital Commerce
1449,Retail & Digital Commerce
1509,Marketing
1625,Sales
1675,Sales
1726,Collaborate Design & Publish
1914,Data Management Business Intelligence & Analytics
2242,IT Security Information
2412,Storage
2431,Data Management Business Intelligence & Analytics
2530,Enterprise Business Solution
2536,Verticals
2629,Storage
3159,Human Capital Management
3958,Verticals
3980,Security Devices
4097,Verticals
4191,IT Development/Infrastructure
4424,Enterprise Business Solution
4693,IT Development/Infrastructure
4777,Verticals
4962,Marketing
5071,Storage
5100,IT Development/Infrastructure
5617,Collaborate Design & Publish
5938,Collaborate Design & Publish
5946,Verticals
6259,Operations
6408,Network Security Monitoring
6572,IT Development/Infrastructure
6655,Enterprise Business Solution
7011,Storage
7065,IT Development/Infrastructure
7206,Network Security Monitoring
7333,Enterprise Business Solution
7434,Financial Management & GRC
7516,Hardware
7669,IT Development/Infrastructure
8024,Security Devices
8040,Communications
8303,Customer Service
8347,Storage
8458,Storage
8568,Marketing
9278,Network Security Monitoring
9330,Service Management
9355,IT Development/Infrastructure
9475,Collaborate Design & Publish
9529,Data Management Business Intelligence & Analytics
9541,Data Management Business Intelligence & Analytics
9682,Security Devices
9942,Sales
10007,Data Management Business Intelligence & Analytics
10347,Operations
10458,Human Capital Management
10546,Enterprise Business Solution
10613,Data Management Business Intelligence & Analytics
10816,Marketing
11033,Collaborate Design & Publish
11128,Advertising
11246,Advertising
11357,Advertising
11560,Human Capital Management
11726,Marketing
11980,Advertising
12178,Marketing
12316,Marketing
12371,Collaborate Design & Publish
12434,Data Management Business Intelligence & Analytics
12594,Verticals
12607,Marketing
13301,Web Tools & Plugins
13497,Human Capital Management
13503,Marketing
13621,Collaborate Design & Publish
13751,Web Tools & Plugins
13777,Marketing
13842,Retail & Digital Commerce
13854,Supply Chain Management
13951,Marketing
13994,Retail & Digital Commerce
14195,Verticals
14301,Collaborate Design & Publish
14533,Advertising
14592,Verticals
14616,Marketing
14668,Human Capital Management
14737,Collaborate Design & Publish
14797,Retail & Digital Commerce
15104,Marketing
15164,Human Capital Management
15645,IT Development/Infrastructure
15770,Operations
15834,Advertising
