RoundID1,1.ProductId,VendorName,Product
1,447,eEyeDgtlSec,eEye Digital Security
1,696,IBM,IBM Atlas eDiscovery
1,774,Avaya,Avaya Aura
1,934,Citrix,Citrix Branch Repeater
1,943,MozillaFndn,Bugzilla
1,1272,ClickSquard,ClickSquared
1,1448,Microsoft Corporation,CommerceSrvr
1,1476,BuilderMT,BuilderMT
1,1563,SYSPRO,CRM
1,1795,IBM,IBM DB2 Analytics Accelerator
1,1903,MapR,MapR
1,2060,TeamViewer,TeamViewer
1,2300,CA,CA Dispatch
1,3344,ServiceNow,ServiceNow
1,4165,TyMetrix,TyMetrix
1,4688,MaximzrSoft,MaximizrSoft
1,4872,Appfluent,Appfluent
1,4874,LogRhythm,LogRhythm
1,4914,HP Inc.,MPE/IX
1,5046,ADTRAN,ADTRAN
1,5052,SanDisk,SanDisk
1,5075,OvrlandStrg,Overland Storage NEO
1,5264,GEHealthcre,GE Optima
1,5656,HP Inc.,HP Performance Insight
1,6204,IBM,IBM QSAM
1,6225,HP Inc.,HP QuickTest Professional
1,6289,Citrix,Citrix Workspace
1,6299,IBM,IBM Red Brick
1,6477,RSASECURITY,RSA NetWitness
1,6496,CENTURYLINK,SaaS
1,6507,Taboola,Taboola
1,6723,Aurea,Savvion
1,6923,SAP,SAP Service Parts Planning (SPP)
1,7082,Cakewalk,Sonar
1,7307,RED-HAT,Red Hat Storage Server
1,7621,SAP,SAP Transportation Management (TM)
1,7693,Cisco,Cisco Unified Communications Manager (CallManager)
1,7781,Teradata,Teradata Unity
1,8021,ALCATEL,Alcatel Lucent VitalQIP
1,8073,Paradigm,VoxelGeo
1,8200,WavelnkCorp,Wavelink
1,8475,Hitachi,Unified Compute Platform
1,8607,Concur,Concur Travel
1,8627,HIDGlobal,HID Global
1,8634,AdKeeper,AdKeeper
1,8907,SmugMug,SmugMug
1,8955,Vendini,Vendini
1,8975,Wunderground,Wunderground
1,8987,BlueHost,BlueHost
1,9028,RockwelAuto,AutoSuite
1,9086,McAfee,ePolicy Orchestrator
1,9295,ESTECH Systems,Processor
1,9298,ProductPlan,ProductPlan
1,9338,IPLANET,Solaris
1,9416,APACHE,XML-RPC
1,9585,Avaya,Avaya Aura Conferencing
1,9722,Dell,Dell Boomi API Management
1,9897,Micro-Focus,Micro Focus Autonomy
1,9948,IBM,IBM Rational Test Workbench
1,10059,MANHATTAN,Manhattan Associates
1,10130,LiveIntent Inc.,Mojn
1,10306,RED-HAT,Red Hat JBoss A-MQ
1,10550,YAHOO,Yahoo Analytics
1,10628,Technology Solutions LLC,WebsiteAlive
1,10630,The jQuery Foundation Inc,JQuery 2.1.1
1,10838,ChinaNetCenter,ChinaNetCenter
1,11291,Yola Inc,Yola
1,11365,PowerSchool Group LLC,PowerSchool
1,11495,EventsAIR by Centium Software,EventsAIR
1,11808,STATS LLC,STATS
1,12086,Bookeo,Bookeo
1,12330,Tout Inc,Tout
1,12346,Hireology LLC,Hireology
1,12353,IO Analytics LLC,IO Technologies
1,12398,Clockwork Recruiting,Clockwork
1,12513,Ravel Law,Ravel
1,12793,UMT360,UMT360
1,12810,Nlyte Software Americas Ltd,Nlyte
1,12975,seoClarity,seoClarity
1,13099,Echospan Inc,EchoSpan
1,13525,Envybox,CallbackKILLER
1,13652,SiteApps,SiteApps
1,13752,Zillow Inc.,Zillow Real Estate Agent Websites
1,13959,oct8ne,oct8ne
1,14238,iContact LLC,iContact Pro
1,14240,Foster Web Marketing,Dynamic Self-Syndication
1,14390,Businessolver,Benefitsolver
1,14422,Alexa Internet Inc.,Alexa Analytics
1,14534,CleverStaff - Recruitment Software,CleverStaff
1,14692,Data Driven Documents,D3js
1,14693,Chatroll,Chatroll
1,14978,Fuel Cycle,Fuel Cycle
1,15069,Trueanthem Inc,True Anthem
1,15282,Piwik,Piwik PRO Tag Manager
1,15624,Aivo,AgentBot
1,15632,UNIVERSIDADE FEDERAL RURAL DO RIO DE JANEIRO,Lua
1,15706,Bolt,Bolt
1,15866,ClickAndChat,Click and Chat
1,16079,3PL Central,3PL Central
1,16116,Datrium Inc.,Datrium Automatrix Technology
